{
    "Applications": {
        "EDP": {
            "Application": "StandardEDP",
            "ApplicationData": {
            }
        },
        "Events": [
            {
                "Application": "CoupledDigitalTwin",
                "ApplicationData": {
                },
                "EventClassification": "Hydro"
            }
        ],
        "Modeling": {
            "Application": "MDOF_BuildingModel",
            "ApplicationData": {
            }
        },
        "Simulation": {
            "Application": "OpenSees-Simulation",
            "ApplicationData": {
            }
        },
        "UQ": {
            "Application": "Dakota-UQ",
            "ApplicationData": {
            }
        }
    },
    "EDP": {
        "type": "StandardEDP"
    },
    "Events": [
        {
            "AdjustTimeStep": "No",
            "Application": "CoupledDigitalTwin",
            "ApplyGravity": "No",
            "CouplingScheme": "Explicit",
            "EventClassification": "Hydro",
            "SeesVTKOUT": "Yes",
            "SeesVTKOUTRate": 0.05,
            "SimDuration": 0.08,
            "SolutionDT": 0.0001,
            "Turbulence": "Yes",
            "bathSTL": "flumeFloor.stl",
            "bathSTLPath": "{Current_Dir}/.",
            "bathType": "Point List",
            "bathXZData": [
                [
                    19.908,
                    -1
                ],
                [
                    19.908,
                    0.152
                ],
                [
                    23.568,
                    0.152
                ],
                [
                    31.8,
                    0.838
                ],
                [
                    83,
                    0.838
                ],
                [
                    101.5,
                    2
                ]
            ],
            "cellSize": 0.1,
            "couplingConvergenceTol": 0.001,
            "couplingDataAccelerationMethod": "Aitken",
            "couplingIterationOutputDataFrequency": 100,
            "cutSurfaceLocsDirsFields": [
                [
                    20,
                    0,
                    0,
                    0,
                    1,
                    0,
                    "XSec1",
                    "p,U,alpha,water"
                ]
            ],
            "cutSurfaceOutput": "Yes",
            "domainSubType": "OSU LWF",
            "fieldProbeLocs": [
                [
                    21.49,
                    -1.34,
                    0.923,
                    "Bay4VelocityProbe1",
                    "U"
                ],
                [
                    21.49,
                    -1.34,
                    1.846,
                    "Bay4VelocityProbe2",
                    "U"
                ],
                [
                    21.49,
                    -1.34,
                    2.461,
                    "Bay4VelocityProbe3",
                    "U"
                ],
                [
                    21.49,
                    -1.34,
                    2.756,
                    "Bay4VelocityProbe4",
                    "U"
                ],
                [
                    21.49,
                    -1.34,
                    1.243,
                    "Bay7VelocityProbe1",
                    "U"
                ],
                [
                    21.49,
                    -1.34,
                    1.844,
                    "Bay7VelocityProbe2",
                    "U"
                ],
                [
                    21.49,
                    -1.34,
                    2.469,
                    "Bay7VelocityProbe3",
                    "U"
                ],
                [
                    21.49,
                    -1.34,
                    2.766,
                    "Bay7VelocityProbe4",
                    "U"
                ],
                [
                    54.38,
                    -1.34,
                    1.233,
                    "Bay13VelocityProbe1",
                    "U"
                ],
                [
                    54.38,
                    -1.34,
                    1.84,
                    "Bay13VelocityProbe2",
                    "U"
                ],
                [
                    54.38,
                    -1.34,
                    2.137,
                    "Bay13VelocityProbe3",
                    "U"
                ],
                [
                    54.38,
                    -1.34,
                    2.452,
                    "Bay13VelocityProbe4",
                    "U"
                ],
                [
                    54.38,
                    -1.34,
                    2.752,
                    "Bay13VelocityProbe5",
                    "U"
                ],
                [
                    68.92,
                    -1.34,
                    1.506,
                    "Bay17VelocityProbe1",
                    "U"
                ],
                [
                    68.92,
                    -1.34,
                    1.824,
                    "Bay17VelocityProbe2",
                    "U"
                ],
                [
                    68.92,
                    -1.34,
                    2.128,
                    "Bay17VelocityProbe3",
                    "U"
                ],
                [
                    32.44,
                    0,
                    1.224,
                    "Bay7pSensor",
                    "p"
                ],
                [
                    54.38,
                    0,
                    1.211,
                    "Bay13pSensor",
                    "p"
                ]
            ],
            "fieldProbes": "Yes",
            "flumeHeight": 6,
            "flumeLength": 80,
            "flumeWidth": 3.658,
            "freeSurfOut": "Yes",
            "freeSurfProbeLocs": [
                [
                    17.73,
                    -1.34,
                    2.1,
                    "Bay3WaveGauge"
                ],
                [
                    21.49,
                    -1.34,
                    2.1,
                    "Bay4WaveGauge"
                ],
                [
                    28.8,
                    -1.34,
                    2.1,
                    "Bay6WaveGauge"
                ],
                [
                    32.44,
                    -1.34,
                    2.1,
                    "Bay7WaveGauge"
                ],
                [
                    36.1,
                    -1.34,
                    2.1,
                    "Bay8WaveGauge"
                ],
                [
                    39.66,
                    -1.34,
                    2.1,
                    "Bay9WaveGauge"
                ],
                [
                    43.01,
                    -1.34,
                    2.1,
                    "Bay10WaveGauge"
                ],
                [
                    47.09,
                    -1.34,
                    2.1,
                    "Bay11WaveGauge"
                ],
                [
                    50.74,
                    -1.34,
                    2.1,
                    "Bay12WaveGauge"
                ],
                [
                    54.38,
                    -1.34,
                    2.1,
                    "Bay13WaveGauge"
                ],
                [
                    68.92,
                    -1.34,
                    2.1,
                    "Bay17WaveGauge"
                ]
            ],
            "freeSurfProbes": "Yes",
            "g": -9.81,
            "initVelocity": 0,
            "initialRelaxationFactor": 0.666,
            "interfaceSurface": "interface.stl",
            "interfaceSurfaceOutput": "Yes",
            "interfaceSurfacePath": "{Current_Dir}/.",
            "mapType": "Nearest Neighbor",
            "maximumCouplingIterations": 10,
            "numProcessors": 16,
            "openSeesPyScript": "OpenSeesModel.py",
            "openSeesPyScriptPath": "{Current_Dir}/.",
            "outputDataFromCouplingIterations": "No",
            "paddleDispFile": "paddleDisplacement.csv",
            "paddleDispFilePath": "{Current_Dir}/.",
            "periodicWaveCelerity": 1,
            "periodicWaveMagnitude": 1,
            "periodicWaveRepeatPeriod": 1,
            "refPressure": 0,
            "runPrelim": "No",
            "start": 0.03,
            "stillWaterLevel": 2,
            "turbIntensity": 0.25,
            "turbRefLength": 0.125,
            "turbReferenceVel": 5,
            "velocityFile": "velTime.csv",
            "velocityFilePath": "{Current_Dir}/.",
            "waveType": "Paddle Generated Waves",
            "writeDT": 0.01
        }
    ],
    "GeneralInformation": {
        "NumberOfStories": 4,
        "PlanArea": 129600,
        "StructureType": "RM1",
        "YearBuilt": 1990,
        "depth": 360,
        "height": 576,
        "location": {
            "latitude": 37.8715,
            "longitude": -122.273
        },
        "name": "",
        "planArea": 129600,
        "stories": 4,
        "units": {
            "force": "kN",
            "length": "in",
            "temperature": "C",
            "time": "sec"
        },
        "width": 360
    },
    "Simulation": {
        "Application": "OpenSees-Simulation",
        "algorithm": "Newton",
        "analysis": "Transient -numSubLevels 2 -numSubSteps 10",
        "convergenceTest": "NormUnbalance 1.0e-2 10",
        "dampingModel": "Rayleigh Damping",
        "firstMode": 1,
        "integration": "Newmark 0.5 0.25",
        "modalRayleighTangentRatio": 0,
        "numModesModal": -1,
        "rayleighTangent": "Initial",
        "secondMode": -1,
        "solver": "Umfpack"
    },
    "StructuralInformation": {
            "Bx": 0.1,
            "By": 0.1,
            "Fyx": 1000000,
            "Fyy": 1000000,
            "Krz": 10000000000,
            "Kx": 100,
            "Ky": 100,
            "ModelData": [
                {
                    "Fyx": 1000000,
                    "Fyy": 1000000,
                    "Ktheta": 10000000000,
                    "bx": 0.1,
                    "by": 0.1,
                    "height": 144,
                    "kx": 100,
                    "ky": 100,
                    "weight": "RV.w"
                },
                {
                    "Fyx": 1000000,
                    "Fyy": 1000000,
                    "Ktheta": 10000000000,
                    "bx": 0.1,
                    "by": 0.1,
                    "height": 144,
                    "kx": 100,
                    "ky": 100,
                    "weight": "RV.w"
                },
                {
                    "Fyx": 1000000,
                    "Fyy": 1000000,
                    "Ktheta": 10000000000,
                    "bx": 0.1,
                    "by": 0.1,
                    "height": 144,
                    "kx": 100,
                    "ky": 100,
                    "weight": "RV.w"
                },
                {
                    "Fyx": 1000000,
                    "Fyy": 1000000,
                    "Ktheta": 10000000000,
                    "bx": 0.1,
                    "by": 0.1,
                    "height": 144,
                    "kx": 100,
                    "ky": 100,
                    "weight": "RV.w"
                }
            ],
            "dampingRatio": 0.02,
            "height": 144,
            "massX": 0,
            "massY": 0,
            "numStories": 4,
            "randomVar": [
            ],
            "responseX": 0,
            "responseY": 0,
            "type": "MDOF_BuildingModel",
            "weight": "RV.w"
    },
    "UQ": {
        "parallelExecution": true,
        "samplingMethodData": {
            "method": "LHS",
            "samples": 500,
            "seed": 700
        },
        "saveWorkDir": true,
        "uqType": "Forward Propagation"
    },
    "correlationMatrix": [
        1
    ],
    "localAppDir": "/Users/fmckenna/NHERI/SimCenterBackendApplications",
    "randomVariables": [
        {
            "distribution": "Normal",
            "inputType": "Parameters",
            "mean": 150,
            "name": "w",
            "refCount": 0,
            "stdDev": 10,
            "value": "RV.w",
            "variableClass": "Uncertain"
        }
    ],
    "remoteAppDir": "/Users/fmckenna/NHERI/SimCenterBackendApplications",
    "runType": "runningLocal",
    "workingDir": "/Users/fmckenna/Documents/HydroUQ/LocalWorkDir"
}
