{
    "Applications": {
        "EDP": {
            "Application": "StandardEDP",
            "ApplicationData": {
            }
        },
        "Events": [
            {
                "Application": "CoupledDigitalTwin",
                "ApplicationData": {
                },
                "EventClassification": "Hydro"
            }
        ],
        "Modeling": {
            "Application": "MDOF_BuildingModel",
            "ApplicationData": {
            }
        },
        "Simulation": {
            "Application": "OpenSees-Simulation",
            "ApplicationData": {
            }
        },
        "UQ": {
            "Application": "Dakota-UQ",
            "ApplicationData": {
            }
        }
    },
    "DefaultValues": {
        "driverFile": "driver",
        "edpFiles": [
            "EDP.json"
        ],
        "filenameAIM": "AIM.json",
        "filenameDL": "BIM.json",
        "filenameEDP": "EDP.json",
        "filenameEVENT": "EVENT.json",
        "filenameSAM": "SAM.json",
        "filenameSIM": "SIM.json",
        "rvFiles": [
            "AIM.json",
            "SAM.json",
            "EVENT.json",
            "SIM.json"
        ],
        "workflowInput": "scInput.json",
        "workflowOutput": "EDP.json"
    },
    "EDP": {
        "type": "StandardEDP"
    },
    "Events": [
        {
            "AdjustTimeStep": "No",
            "Application": "CoupledDigitalTwin",
            "ApplyGravity": "No",
            "CouplingScheme": "Explicit",
            "EventClassification": "Hydro",
            "SeesVTKOUT": "Yes",
            "SeesVTKOUTRate": 1,
            "SimDuration": 30,
            "SolutionDT": 0.0001,
            "Turbulence": "Yes",
            "bathSTL": ".",
            "bathSTLPath": ".",
            "bathType": "Point List",
            "bathXZData": [
                [
                    1000,
                    0
                ],
                [
                    1005,
                    0
                ]
            ],
            "cellSize": 1,
            "couplingConvergenceTol": 0.005,
            "couplingDataAccelerationMethod": "IQN-IMVJ",
            "couplingIterationOutputDataFrequency": 100,
            "cutSurfaceLocsDirsFields": [
                [
                    0,
                    0,
                    0.25,
                    0,
                    0,
                    1,
                    "XSecH0m",
                    "p,U,alpha.water"
                ],
				                [
                    0,
                    0,
                    3,
                    0,
                    0,
                    1,
                    "XSecH3m",
                    "p,U,alpha.water"
                ],
				                [
                    0,
                    0,
                    6,
                    0,
                    0,
                    1,
                    "XSecH6m",
                    "p,U,alpha.water"
                ],
				[
                    0,
                    0,
                    9,
                    0,
                    0,
                    1,
                    "XSecH9m",
                    "p,U,alpha.water"
                ],
				[
                    0,
                    0,
                    9,
                    0,
                    0,
                    1,
                    "XSecH12m",
                    "p,U,alpha.water"
                ]
            ],
            "cutSurfaceOutput": "Yes",
            "domainSubType": "INLETOUTLET",
            "fieldProbeLocs": [
                
            ],
            "fieldProbes": "No",
            "flumeHeight": 100,
            "flumeLength": 100,
            "flumeWidth": 90,
            "freeSurfOut": "No",
            "freeSurfProbeLocs": [
            ],
            "freeSurfProbes": "No",
            "g": -9.81,
            "initVelocity": 0,
            "initialRelaxationFactor": 0.9,
            "interfaceSurface": "interface.stl",
            "interfaceSurfaceOutput": "Yes",
            "interfaceSurfacePath": "fromUser/.",
            "mapType": "Nearest Neighbor",
            "maximumCouplingIterations": 100,
            "numProcessors": 40,
            "openSeesPyScript": "OpenSeesModel.py",
            "openSeesPyScriptPath": "fromUser/.",
            "outputDataFromCouplingIterations": "No",
            "paddleDispFile": ".",
            "paddleDispFilePath": ".",
            "periodicWaveCelerity": 1,
            "periodicWaveMagnitude": 1,
            "periodicWaveRepeatPeriod": 1,
            "refPressure": 0,
            "runPrelim": "No",
            "start": 0,
            "stillWaterLevel": 9,
            "turbIntensity": 0.5,
            "turbRefLength": 9,
            "turbReferenceVel": 5,
            "velocityFile": "velTime.csv",
            "velocityFilePath": "fromUser/.",
            "waveType": "No Waves",
            "writeDT": 1
        }
    ],
    "GeneralInformation": {
        "NumberOfStories": 3,
        "PlanArea": 129600,
        "StructureType": "RM1",
        "YearBuilt": 1990,
        "depth": 360,
        "height": 0.3,
        "location": {
            "latitude": 37.8715,
            "longitude": -122.273
        },
        "name": "",
        "planArea": 129600,
        "stories": 3,
        "units": {
            "force": "kips",
            "length": "in",
            "temperature": "C",
            "time": "sec"
        },
        "width": 360
    },
    "Modeling": {
        "Bx": 0.1,
        "By": 0.1,
        "Fyx": 1000000,
        "Fyy": 1000000,
        "Krz": 10000000000,
        "Kx": 100,
        "Ky": 100,
        "ModelData": [
            {
                "Fyx": 1000000,
                "Fyy": 1000000,
                "Ktheta": 10000000000,
                "bx": 0.1,
                "by": 0.1,
                "height": 0.1,
                "kx": 100,
                "ky": 100,
                "weight": 144
            },
            {
                "Fyx": 1000000,
                "Fyy": 1000000,
                "Ktheta": 10000000000,
                "bx": 0.1,
                "by": 0.1,
                "height": 0.1,
                "kx": 100,
                "ky": 100,
                "weight": 144
            },
            {
                "Fyx": 1000000,
                "Fyy": 1000000,
                "Ktheta": 10000000000,
                "bx": 0.1,
                "by": 0.1,
                "height": 0.1,
                "kx": 100,
                "ky": 100,
                "weight": 144
            }
        ],
        "dampingRatio": 0.02,
        "height": 0.1,
        "massX": 0,
        "massY": 0,
        "numStories": 3,
        "randomVar": [
        ],
        "responseX": 0,
        "responseY": 0,
        "type": "MDOF_BuildingModel",
        "weight": 144
    },
    "Simulation": {
        "Application": "OpenSees-Simulation",
        "algorithm": "Newton",
        "analysis": "Transient -numSubLevels 2 -numSubSteps 10",
        "convergenceTest": "NormUnbalance 1.0e-2 10",
        "dampingModel": "Rayleigh Damping",
        "firstMode": 1,
        "integration": "Newmark 0.5 0.25",
        "modalRayleighTangentRatio": 0,
        "numModesModal": -1,
        "rayleighTangent": "Initial",
        "secondMode": -1,
        "solver": "Umfpack"
    },
    "UQ": {
        "parallelExecution": true,
        "samplingMethodData": {
            "method": "LHS",
            "samples": 500,
            "seed": 547
        },
        "saveWorkDir": true,
        "uqType": "Forward Propagation"
    },
    "localAppDir": "C:/Users/nsaoirse/Desktop/HydroUQ_Windows_Download",
    "nodeCount": 1,
    "numP": 56,
    "processorsOnEachNode": 56,
    "randomVariables": [
    ],
    "remoteAppDir": "/work2/00477/tg457427/frontera/SimCenterBackendApplications/v4.2.0",
    "resultType": "SimCenterUQResultsSampling",
    "runType": "runningRemote",
    "summary": [
    ],
    "workingDir": "C:/Users/nsaoirse/Documents/HydroUQ/RemoteWorkDir"
}
