{
    "Applications": {
        "EDP": {
            "Application": "StandardEDP",
            "ApplicationData": {
            }
        },
        "Events": [
            {
                "Application": "CoupledDigitalTwin",
                "ApplicationData": {
                },
                "EventClassification": "Hydro"
            }
        ],
        "Modeling": {
            "Modeling": {
                "Application": "MDOF_BuildingModel",
                "ApplicationData": {
                }
            }
        },
        "Simulation": {
            "Application": "OpenSees-Simulation",
            "ApplicationData": {
            }
        },
        "UQ": {
            "Application": "Dakota-UQ",
            "ApplicationData": {
            }
        }
    },
    "EDP": {
        "type": "StandardEDP"
    },
    "Events": [
        {
            "AdjustTimeStep": "No",
            "Application": "CoupledDigitalTwin",
            "ApplyGravity": "No",
            "CouplingScheme": "Implicit",
            "EventClassification": "Hydro",
            "SeesVTKOUT": "Yes",
            "SeesVTKOUTRate": 0.001,
			"FOAMVTKOUT": "Yes",
			"FOAMVTKOUTRate": 0.05,
            "SimDuration": 1,
            "SolutionDT": 5e-4,
            "Turbulence": "No",
            "couplingConvergenceTol": 1e-4,
            "bathType": "Point List",
			"bathSTL": "flumeFloor.stl",
            "bathSTLPath": "fromUser/.",
            "bathXZData": [
                [
                    19.908,
                    -1
                ],
                [
                    19.908,
                    0.152
                ],
                [
                    23.568,
                    0.152
                ],
				[
                    31.8,
                    0.838
                ],
                [
                    83,
                    0.838
				],
                [
                    101.5,
                    2
				]				
            ],
            "couplingDataAccelerationMethod": "IQN-ILS",
            "couplingIterationOutputDataFrequency": 100,
            "cutSurfaceLocsDirsFields": [
                [
                    0.1,
                    0.01,
                    0.01,
                    0,
                    0,
                    1,
                    "XSec1",
                    "p,U,alpha.water"
                ]
            ],
            "cutSurfaceOutput": "Yes",
            "domainSubType": "UW WASIRF",
            "fieldProbeLocs": [
                
                
			],
            "fieldProbes": "No",
            "flumeHeight": 1,
            "flumeLength": 4,
            "flumeWidth": 1,
			"flumeCellSize": 0.05,
            "freeSurfOut": "Yes",
            "freeSurfProbeLocs": [
                
            ],
            "freeSurfProbes": "No",
            "g": -9.81,
            "initVelocity": 0,
            "initialRelaxationFactor": 0.1,
			"interfaceSurface": "interface.stl",
            "interfaceSurfaceOutput": "Yes",
            "interfaceSurfacePath": "fromUser/.",
            "mapType": "Nearest Neighbor",
            "maximumCouplingIterations": 100,
			"openSeesPyScript": "OpenSeesModel.py",
            "openSeesPyScriptPath": "fromUser/.",
            "outputDataFromCouplingIterations": "No",
			"paddleDispFile": "paddleDisplacement.csv",
            "paddleDispFilePath": "fromUser/.",
            "periodicWaveCelerity": 1,
            "periodicWaveMagnitude": 1,
            "periodicWaveRepeatPeriod": 1,
            "periodicWaveRepeatPeriod": 1,
            "refPressure": 0,
            "runPrelim": "No",
            "stillWaterLevel": 0.2,
            "turbIntensity": 0.25,
            "turbRefLength": 0.125,
            "turbReferenceVel": 0.5,
			"velocityFile": "",
            "velocityFilePath": "",
            "waveType": "No Waves",
            "writeDT": 0.001
        }
    ],
    "GeneralInformation": {
        "NumberOfStories": 2,
        "PlanArea": 129600,
        "StructureType": "RM1",
        "YearBuilt": 1990,
        "depth": 360,
        "height": 144,
        "location": {
            "latitude": 37.8715,
            "longitude": -122.273
        },
        "name": "",
        "planArea": 129600,
        "stories": 2,
        "units": {
            "force": "kips",
            "length": "in",
            "temperature": "C",
            "time": "sec"
        },
        "width": 360
    },
    "Simulation": {
        "Application": "OpenSees-Simulation",
        "algorithm": "Newton",
        "analysis": "Transient -numSubLevels 2 -numSubSteps 10",
        "convergenceTest": "NormUnbalance 1.0e-2 10",
        "dampingModel": "Rayleigh Damping",
        "firstMode": 1,
        "integration": "Newmark 0.5 0.25",
        "modalRayleighTangentRatio": 0,
        "numModesModal": -1,
        "rayleighTangent": "Initial",
        "secondMode": -1,
        "solver": "Umfpack"
    },
    "StructuralInformation": {
        "Modeling": {
            "Bx": 0.1,
            "By": 0.1,
            "Fyx": 1000000,
            "Fyy": 1000000,
            "Krz": 10000000000,
            "Kx": 100,
            "Ky": 100,
            "ModelData": [
                {
                    "Fyx": 1000000,
                    "Fyy": 1000000,
                    "Ktheta": 10000000000,
                    "bx": 0.1,
                    "by": 0.1,
                    "height": 144,
                    "kx": 100,
                    "ky": 100,
                    "weight": 144
                }
            ],
            "dampingRatio": 0.02,
            "height": 144,
            "massX": 0,
            "massY": 0,
            "numStories": 1,
            "randomVar": [
            ],
            "responseX": 0,
            "responseY": 0,
            "type": "MDOF_BuildingModel",
            "weight": 144
        }
    },
    "UQ": {
        "parallelExecution": true,
        "samplingMethodData": {
            "method": "LHS",
            "samples": 500,
            "seed": 700
        },
        "saveWorkDir": true,
        "uqType": "Forward Propagation"
    },
    "localAppDir": "{Current_Dir}/C:/Users/nsaoirse/Desktop/HydroUQ_Windows_Download (2)/HydroUQ_Windows_Download",
    "randomVariables": [
    ],
    "remoteAppDir": "{Current_Dir}/C:/Users/nsaoirse/Desktop/HydroUQ_Windows_Download (2)/HydroUQ_Windows_Download",
    "runType": "runningLocal",
    "workingDir": "C:/Users/nsaoirse/Documents/HydroUQ/LocalWorkDir"
}
